{
  "routes": [
    {
      "route": "/api/*",
      "allowedRoles": ["anonymous"]
    }
  ],
  "navigationFallback": {
    "rewrite": "/index.html",
    "exclude": ["/api/*", "/*.{css,scss,js,png,gif,ico,jpg,svg,woff,woff2,ttf,eot}"]
  },
  "responseOverrides": {
    "404": {
      "rewrite": "/index.html",
      "statusCode": 200
    }
  },
  "globalHeaders": {
    "content-security-policy": "default-src 'self' https:; style-src 'self' 'unsafe-inline'; script-src 'self' 'unsafe-inline'"
  },
  "mimeTypes": {
    ".json": "application/json",
    ".js": "text/javascript",
    ".css": "text/css",
    ".html": "text/html"
  }
}
